{
  "n_clusters": 6,
  "cluster_centers": [
    [
      -0.5331776360791953,
      1.342805589778258
    ],
    [
      -0.5731421418694816,
      -1.4368236635187603
    ],
    [
      0.36279563088108374,
      0.2025482176353432
    ],
    [
      2.0836257055186516,
      -0.48629817800718117
    ],
    [
      -0.6370990225667544,
      -0.08531762423893774
    ],
    [
      -8.388054150902548,
      -9.596101629651407
    ]
  ],
  "counts": {
    "2": 108670,
    "4": 81077,
    "0": 36051,
    "1": 33277,
    "3": 25401,
    "5": 331
  }
}